{
  "statistics": {
    "total_images": 1802,
    "processed_images": 1802,
    "skipped_images": 0,
    "total_bricks": 7925,
    "valid_bricks": 3476,
    "unknown_bricks": 0,
    "cleaned_images": 1802,
    "failed_cleans": 0,
    "class_distribution": {
      "6x1": 85,
      "3x1": 302,
      "3x2": 208,
      "2x1": 732,
      "1x1": 707,
      "4x2": 413,
      "4x1": 341,
      "6x2": 160,
      "2x2": 356,
      "10x1": 23,
      "4x4": 88,
      "8x1": 47,
      "12x1": 14
    },
    "errors": []
  },
  "config": {
    "input_folder": "C:\\Users\\User\\Projects_Unprotected\\LEGO_Bricks_ML_Vision\\data\\Multiclass_Bricks_dataset\\images",
    "output_folder": "C:\\Users\\User\\Projects_Unprotected\\LEGO_Bricks_ML_Vision\\data\\Multiclass_Bricks_dataset\\labels",
    "end_time": "2025-03-13T18:15:44.427911",
    "classes": {
      "0": "1x1",
      "1": "2x1",
      "2": "3x1",
      "3": "2x2",
      "4": "4x1",
      "5": "3x2",
      "6": "6x1",
      "7": "4x2",
      "8": "8x1",
      "9": "10x1",
      "10": "6x2",
      "11": "12x1",
      "12": "4x4",
      "13": "8x2"
    }
  }
}